"","Team","G","MP","FG","FGA","FG.","X3P","X3PA","X3P.","X2P","X2PA","X2P.","FT","FTA","FT.","ORB","DRB","TRB","AST","STL","BLK","TOV","PF","PTS","yearEnd.x","Age","W","L","PW","PL","MOV","SOS","SRS","ORtg","DRtg","NRtg","Pace","FTr","X3PAr","TS.","yearEnd.y"
"1","Atlanta Hawks*",82,19830,39.5,86.3,0.458,10.2,29,0.35,29.3,57.3,0.512,16,20.4,0.783,8.5,34.5,43,26.2,9.3,6.1,15.3,19.6,105.1,2016,28.2,48,34,51,31,3.61,-0.12,3.49,105.1,101.4,3.7,97.1,0.237,0.336,0.552,2016
"2","Boston Celtics*",82,19780,39.6,90.2,0.439,8.8,26.4,0.335,30.8,63.8,0.483,18.7,23.8,0.788,11.7,33.7,45.4,24.4,9.3,4.3,13.9,22.1,106.8,2016,25.2,48,34,50,32,3.21,-0.37,2.84,106.8,103.6,3.2,98.5,0.264,0.293,0.531,2016
"3","Brooklyn Nets",82,19755,40,88.3,0.453,6.8,19.2,0.352,33.2,69,0.481,16.4,21.7,0.757,11,33.3,44.4,23.3,8,4.2,15.5,18.8,103.2,2016,26.9,21,61,22,60,-7.35,0.24,-7.12,103.2,110.9,-7.7,95.2,0.246,0.218,0.527,2016
"4","Charlotte Hornets*",82,19855,38.4,87.5,0.439,11,30.5,0.362,27.3,57,0.479,19.4,24.5,0.79,9.3,36.3,45.5,22.5,7.5,5.5,13,18.8,107.1,2016,26,48,34,49,33,2.72,-0.36,2.36,107.1,104.3,2.8,95.7,0.28,0.348,0.545,2016
"5","Chicago Bulls",82,19905,39.9,90.3,0.441,8.2,22.1,0.371,31.7,68.2,0.464,17.1,21.7,0.787,11.4,36.4,47.8,23.6,6.2,5.9,14.4,19.5,105,2016,27.6,42,40,37,45,-1.48,0.01,-1.46,105,106.5,-1.5,95.7,0.24,0.244,0.526,2016
"6","Cleveland Cavaliers*",82,19855,41.1,89.3,0.46,11.4,31.5,0.362,29.7,57.8,0.514,17.3,23.1,0.748,11.3,36,47.3,24.1,7.1,4.1,14.4,21.6,110.9,2016,28.1,57,25,57,25,6,-0.55,5.45,110.9,104.5,6.4,93.3,0.259,0.352,0.558,2016
"7","Dallas Mavericks*",82,20005,39,87.8,0.444,10.3,29.8,0.344,28.7,58,0.495,18.5,23.3,0.794,9.6,35.4,44.9,23.1,7.1,3.9,13.3,20.3,106.7,2016,30.3,42,40,40,42,-0.3,0.29,-0.02,106.7,107,-0.3,94.3,0.265,0.339,0.544,2016
"8","Denver Nuggets",82,19830,39.1,88.5,0.442,8.3,24.6,0.338,30.8,64,0.482,19.1,25,0.766,11.9,34.4,46.3,23.5,7.7,5,15.2,21.8,105.6,2016,24.7,33,49,33,49,-3.1,0.29,-2.81,105.6,108.9,-3.3,95.7,0.282,0.277,0.531,2016
"9","Detroit Pistons*",82,19880,39.5,90,0.439,9.4,27.3,0.345,30.1,62.7,0.48,17.8,26.6,0.668,13,35.3,48.2,20.2,7.3,3.9,14.1,19.8,106.1,2016,25,44,38,43,39,0.61,-0.18,0.43,106.1,105.5,0.6,95.1,0.296,0.303,0.522,2016
"10","Golden State Warriors*",82,19880,42.4,87,0.487,13.1,31.5,0.416,29.3,55.5,0.528,16.6,21.8,0.763,9.9,36.1,46,28.8,8.4,6.1,15.1,20.7,114.5,2016,27.4,73,9,65,17,10.76,-0.38,10.38,114.5,103.8,10.7,99.3,0.25,0.362,0.593,2016
"11","Houston Rockets*",82,19830,38.4,84.9,0.452,10.9,31.4,0.347,27.5,53.5,0.514,20.7,29.8,0.694,11.5,32.2,43.8,22.6,10.2,5.3,16.2,22.2,108.3,2016,27.8,41,41,42,40,0.2,0.14,0.34,108.3,108.1,0.2,97.6,0.352,0.37,0.553,2016
"12","Indiana Pacers*",82,19880,39.3,87.3,0.45,8.3,23.6,0.351,31,63.7,0.486,17.9,23.4,0.764,10.6,34.7,45.3,21.7,9.3,4.9,15.2,20.5,104.6,2016,26.9,45,37,46,36,1.71,-0.09,1.62,104.6,102.9,1.7,96.6,0.268,0.27,0.536,2016
"13","Los Angeles Clippers*",82,19830,39.7,85.4,0.465,10.1,27.7,0.364,29.6,57.7,0.513,18.8,27.2,0.692,9.1,34.5,43.6,23.7,9,5.8,13.4,22.1,108.3,2016,29.7,53,29,53,29,4.28,-0.15,4.13,108.3,103.8,4.5,95.8,0.318,0.324,0.556,2016
"14","Los Angeles Lakers",82,19730,36.7,88.5,0.414,8.1,25.7,0.317,28.5,62.9,0.454,20.1,25.8,0.781,11.2,33.7,44.8,18.8,7.5,4.3,14.3,21.2,101.6,2016,26.5,17,65,17,65,-9.56,0.64,-8.92,101.6,111.6,-10,95.6,0.292,0.29,0.509,2016
"15","Memphis Grizzlies*",82,19830,39.2,89,0.44,6.5,19.7,0.331,32.6,69.3,0.471,20.6,26.3,0.783,11.9,32.4,44.3,22,9.4,4.5,14.1,23.1,105.4,2016,30.5,42,40,35,47,-2.24,0.11,-2.14,105.4,107.8,-2.4,93.3,0.295,0.222,0.524,2016
"16","Miami Heat*",82,19830,40.7,86.6,0.47,6.4,19.1,0.336,34.3,67.5,0.508,18.2,24.4,0.744,10.4,36.4,46.8,22.1,7.2,6.9,14.9,19.4,106.1,2016,28.4,48,34,46,36,1.65,-0.14,1.5,106.1,104.4,1.7,93.6,0.282,0.221,0.545,2016
"17","Milwaukee Bucks",82,19830,40.4,86.6,0.467,5.7,16.4,0.345,34.7,70.2,0.495,17.9,23.9,0.747,11,32.9,43.9,24.3,8.6,6.1,16,21.8,104.3,2016,23.5,33,49,29,53,-4.18,0.2,-3.98,104.3,108.7,-4.4,94.2,0.276,0.189,0.537,2016
"18","Minnesota Timberwolves",82,19880,39.2,84.5,0.464,5.8,17.1,0.338,33.5,67.5,0.496,22.2,28.1,0.792,10.4,32.8,43.2,24.3,8.3,4.8,15.6,21.5,106.5,2016,24.6,29,53,31,51,-3.54,0.15,-3.38,106.5,110.1,-3.6,95.2,0.332,0.202,0.549,2016
"19","New Orleans Pelicans",82,19780,39.5,88.3,0.448,8.8,24.5,0.36,30.7,63.8,0.482,17.7,22.9,0.776,9.8,34,43.8,22.8,7.9,4.3,13.8,21.5,105.6,2016,26.6,30,52,31,51,-3.79,0.24,-3.56,105.6,109.5,-3.9,96.8,0.259,0.277,0.537,2016
"20","New York Knicks",82,19805,39.2,89.3,0.439,7.9,22.9,0.346,31.3,66.5,0.471,18.3,22.7,0.805,11,36.2,47.2,21.8,6.1,6,14.3,21,104.6,2016,27.2,32,50,33,49,-2.73,0,-2.74,104.6,107.6,-3,93.4,0.255,0.256,0.527,2016
"21","Oklahoma City Thunder*",82,19830,42.2,88.6,0.476,8.5,24.3,0.349,33.7,64.3,0.524,20.2,25.9,0.782,13.4,36.5,49.9,23.6,7.5,6.1,16.3,21.2,113.1,2016,25.8,55,27,59,23,7.28,-0.19,7.09,113.1,105.6,7.5,96.7,0.292,0.275,0.565,2016
"22","Orlando Magic",82,19905,40.7,89.4,0.455,8,22.8,0.35,32.7,66.6,0.492,15.7,20.7,0.757,10.6,34,44.6,24.3,8.5,5.2,14.5,21.4,105.1,2016,23.9,35,47,36,46,-1.62,-0.06,-1.68,105.1,106.8,-1.7,96,0.232,0.255,0.533,2016
"23","Philadelphia 76ers",82,19805,36.7,85.2,0.431,9.5,27.9,0.339,27.3,57.3,0.476,15.9,22.9,0.694,9.6,32.2,41.8,21.8,8.4,6.1,16.6,22,98.8,2016,23.3,10,72,16,66,-10.23,0.31,-9.92,98.8,109.2,-10.4,97.9,0.269,0.327,0.519,2016
"24","Phoenix Suns",82,19705,37.7,86.8,0.435,9.1,26.2,0.348,28.6,60.6,0.472,17.7,23.5,0.751,11.7,33.8,45.4,21,7.8,3.9,17.4,23,102.2,2016,26,23,59,24,58,-6.66,0.34,-6.32,102.2,109,-6.8,98.5,0.271,0.302,0.526,2016
"25","Portland Trail Blazers*",82,19805,40,88.9,0.45,10.9,29.5,0.37,29.1,59.4,0.49,18,23.8,0.754,12,35.1,47.1,22.1,7.1,4.8,15.1,22.5,108.8,2016,24.3,44,38,43,39,0.83,0.15,0.98,108.8,108,0.8,96,0.268,0.332,0.548,2016
"26","Sacramento Kings",82,19805,39.8,85.9,0.464,8,22.3,0.359,31.8,63.6,0.5,18.4,25.3,0.725,10.5,33.5,44,24.4,8.9,4.5,16.1,20.3,106,2016,26.6,33,49,34,48,-2.48,0.16,-2.32,106,108.4,-2.4,100,0.295,0.26,0.546,2016
"27","San Antonio Spurs*",82,19705,42.7,88.3,0.484,7.4,19.7,0.375,35.3,68.6,0.515,17.4,21.7,0.803,10,36.8,46.8,26.1,8.8,6.3,13.9,18.6,110.3,2016,30.3,67,15,67,15,10.63,-0.36,10.28,110.3,99,11.3,93.8,0.246,0.223,0.564,2016
"28","Toronto Raptors*",82,19780,39.3,87.1,0.451,9.2,25,0.37,30,62.1,0.483,22.2,28.6,0.777,10.9,35.6,46.5,20.1,8.3,5.9,14,21,110,2016,26.3,56,26,53,29,4.5,-0.42,4.08,110,105.2,4.8,92.9,0.328,0.287,0.552,2016
"29","Utah Jazz",82,19955,39.1,87.1,0.449,9.2,25.9,0.355,29.9,61.3,0.488,18.5,24.9,0.744,11.6,35.2,46.9,20.6,8.3,5.6,16.2,21.9,105.9,2016,24.2,40,42,46,36,1.79,0.05,1.84,105.9,103.9,2,91,0.286,0.297,0.54,2016
"30","Washington Wizards",82,19755,40,86.8,0.46,8.7,24.5,0.358,31.2,62.3,0.501,16.6,22.8,0.73,9.2,33.2,42.3,24.7,8.7,4,14.6,21.1,105.3,2016,27.3,41,41,40,42,-0.5,0,-0.5,105.3,105.8,-0.5,98.5,0.263,0.282,0.544,2016
